Transaction_Name,Year,Count,Amount
Financial Services,2019,12624869,2317506415.4400625
Merchant payments,2019,1149862622,411440800809.8817
Others,2019,46571105,23970641931.810844
Peer-to-peer payments,2019,1954961206,5488783436912.296
Recharge & bill payments,2019,915816715,350204845671.19806
