Transaction_Name,Year,Count,Amount
Financial Services,2020,8514778,8457847209.839958
Merchant payments,2020,2729141106,1548371115475.9004
Others,2020,28904258,14217374305.990538
Peer-to-peer payments,2020,3491332935,12326073569593.385
Recharge & bill payments,2020,1716100386,744102433382.1476
