Transaction_Name,Year,Count,Amount
Financial Services,2018,20384150,3752876965.350068
Merchant payments,2018,112657058,56639979047.64976
Others,2018,24575744,19922887560.409687
Peer-to-peer payments,2018,523798110,1432976685729.865
Recharge & bill payments,2018,398791883,109766858362.44044
